Distance from the cathode,nH,Err,nCH,Err,nC2,Err
mm,m\+(-3),,m\+(-3),,m\+(-3),
0,0,0,0,0,0,0
0.0340681362725451,0,0,128541689311455,51416675724582,4.10265449157233E16,1.64106179662893E16
0.0681362725450902,2.41146730189994E21,1.08516028585497E21,257083378622910,102833351449164,8.20530898314467E16,3.28212359325787E16
0.102204408817635,8.07394978117612E21,3.63327740152925E21,321740115930432,128696046372173,1.2307963474717E17,4.9231853898868E16
0.13627254509018,7.73195391858105E21,3.47937926336147E21,320556239437983,128222495775193,1.29060460593212E17,5.16241842372848E16
0.170340681362725,6.70254585428383E21,3.01614563442772E21,319372362945535,127748945178214,1.30318813656815E17,5.2127525462726E16
0.204408817635271,6.60426169412449E21,2.97191776235602E21,323327838018293,129331135207317,1.31577166720418E17,5.26308666881672E16
0.238476953907816,1.02308644309969E22,4.60388899394861E21,327361976635417,130944790654167,1.3183022218706E17,5.2732088874824E16
0.272545090180361,1.46473158943752E22,6.59129215246884E21,331554896228413,132621958491365,1.31770152172681E17,5.27080608690724E16
0.306613226452906,1.38111307792122E22,6.21500885064549E21,335921639205520,134368655682208,1.31710082158302E17,5.26840328633208E16
0.340681362725451,1.35759962613276E22,6.10919831759742E21,340288382182628,136115352873051,1.36644461504835E17,5.4657784601934E16
0.374749498997996,1.38223852333082E22,6.22007335498869E21,348102486685974,139240994674390,1.44342759429738E17,5.77371037718952E16
0.408817635270541,1.37088704498555E22,6.16899170243498E21,356023763050239,142409505220096,1.5204105735464E17,6.0816422941856E16
0.442885771543086,1.42287326709366E22,6.40292970192147E21,375414270981247,150165708392499,1.55837608613945E17,6.2335043445578E16
0.476953907815631,1.56817751342276E22,7.05679881040242E21,408143993886620,163257597554648,1.56104008128187E17,6.24416032512748E16
0.511022044088176,1.18141909750422E22,5.31638593876899E21,440873716791993,176349486716797,1.56370407642428E17,6.25481630569712E16
0.545090180360721,9.48692983827984E21,4.26911842722593E21,478906721180476,191562688472190,1.56544135246829E17,6.26176540987316E16
0.579158316633267,1.46351881441482E22,6.58583466486669E21,517190933639211,206876373455684,1.56582419290693E17,6.26329677162772E16
0.613226452905812,1.24077604509044E22,5.58349220290698E21,531360374311902,212544149724761,1.56620703334558E17,6.26482813338232E16
0.647294589178357,7.24987760173072E21,3.26244492077882E21,515725040867009,206290016346804,1.57330502946647E17,6.29322011786588E16
0.681362725450902,5.86659282536554E21,2.63996677141449E21,500089707422116,200035882968846,1.59704493314773E17,6.38817973259092E16
0.715430861723447,5.37494278058849E21,2.41872425126482E21,481115475939629,192446190375852,1.62078483682899E17,6.48313934731596E16
0.749498997995992,5.65429453312589E21,2.54443253990665E21,461926983620505,184770793448202,1.6464718840988E17,6.5858875363952E16
0.783567134268537,5.63047496441132E21,2.53371373398509E21,462844781488872,185137912595549,1.68175041645292E17,6.72700166581168E16
0.817635270541082,5.81715399445275E21,2.61771929750374E21,490181309487315,196072523794926,1.71702894880704E17,6.86811579522816E16
0.851703406813627,6.35465229476652E21,2.85959353264493E21,517517837485758,207007134994303,1.75323688575448E17,7.01294754301792E16
0.885771543086172,7.07745499443247E21,3.18485474749461E21,564569865672616,225827946269046,1.80710350997487E17,7.22841403989948E16
0.919839679358718,7.97701933974787E21,3.58965870288654E21,613229135722660,245291654289064,1.86097013419526E17,7.44388053678104E16
0.953907815631263,9.3027282356958E21,4.18622770606311E21,658822181750317,263528872700127,1.91483675841565E17,7.6593470336626E16
0.987975951903808,7.97278115283959E21,3.58775151877782E21,700129902638250,280051961055300,1.91703151531577E17,7.66812606126308E16
1.02204408817635,5.55289502969783E21,2.49880276336402E21,741437623526183,296575049410473,1.91541157060164E17,7.66164628240656E16
1.0561122244489,5.55798849813337E21,2.50109482416002E21,730114118631905,292045647452762,1.91379162588752E17,7.65516650355008E16
1.09018036072144,7.5811811277413E21,3.41153150748359E21,713556569184701,285422627673880,1.93142327757862E17,7.72569311031448E16
1.12424849699399,1.14871126089308E22,5.16920067401886E21,698618751815554,279447500726222,1.95349760536324E17,7.81399042145296E16
1.15831663326653,8.12887260901826E21,3.65799267405822E21,686090285912516,274436114365006,1.97557193314786E17,7.90228773259144E16
1.19238476953908,6.00158834919875E21,2.70071475713944E21,673561820009479,269424728003792,2.01610085804143E17,8.06440343216572E16
1.22645290581162,6.72603694789714E21,3.02671662655371E21,699339239626606,279735695850642,2.064776406884E17,8.259105627536E16
1.26052104208417,6.80460807770279E21,3.06207363496626E21,729635892928696,291854357171478,2.11345195572657E17,8.45380782290628E16
1.29458917835671,6.30052892639457E21,2.83523801687756E21,752390642751507,300956257100603,2.16691490470461E17,8.66765961881844E16
1.32865731462926,4.3283703343506E21,1.94776665045777E21,763195883165588,305278353266235,2.22391636682626E17,8.89566546730504E16
1.3627254509018,3.69217352625772E21,1.66147808681597E21,774001123579670,309600449431868,2.28091782894791E17,9.12367131579164E16
1.39679358717435,3.76913536299376E21,1.69611091334719E21,797130786508167,318852314603267,2.33257242270335E17,9.3302896908134E16
1.43086172344689,3.63221001031261E21,1.63449450464067E21,821950655952927,328780262381171,2.37785472128264E17,9.51141888513056E16
1.46492985971944,3.77857410128333E21,1.7003583455775E21,832990731182158,333196292472863,2.42313701986192E17,9.69254807944768E16
1.49899799599198,4.21002060706827E21,1.89450927318072E21,820754126993263,328301650797305,2.45708828264007E17,9.82835313056028E16
1.53306613226453,5.5447908744679E21,2.49515589351055E21,808517522804368,323407009121747,2.46879714180858E17,9.87518856723432E16
1.56713426853707,5.86564359555888E21,2.6395396180015E21,757377712748568,302951085099427,2.48050600097709E17,9.92202400390836E16
1.60120240480962,4.16749229065226E21,1.87537153079352E21,700131004097382,280052401638953,2.49644087035885E17,9.9857634814354E16
1.63527054108216,3.8721107242347E21,1.74244982590562E21,662387370484739,264954948193896,2.52746863335938E17,1.01098745334375E17
1.66933867735471,3.91149584012058E21,1.76017312805426E21,659804210181018,263921684072407,2.55849639635992E17,1.02339855854397E17
1.70340681362725,3.67377577058492E21,1.65319909676321E21,657221049877298,262888419950919,2.58991943953747E17,1.03596777581499E17
1.7374749498998,3.50810204271345E21,1.57864591922105E21,657397249659387,262958899863755,2.6249000043082E17,1.04996000172328E17
1.77154308617234,3.38781041514476E21,1.52451468681514E21,658063276675644,263225310670258,2.65988056907894E17,1.06395222763158E17
1.80561122244489,3.31448032856418E21,1.49151614785388E21,659462695361002,263785078144401,2.69486113384968E17,1.07794445353987E17
1.83967935871744,3.09477148963623E21,1.3926471703363E21,662274971526541,264909988610616,2.71208134799703E17,1.08483253919881E17
1.87374749498998,2.7161646629628E21,1.22227409833326E21,665087247692081,266034899076832,2.72896219238725E17,1.0915848769549E17
1.90781563126253,4.27835885328319E21,1.92526148397744E21,668215044200323,267286017680129,2.74584303677747E17,1.09833721471099E17
1.94188376753507,5.20773745547359E21,2.34348185496312E21,671405564632116,268562225852846,2.77335066977571E17,1.10934026791028E17
1.97595190380762,4.44982466518807E21,2.00242109933463E21,679320068329851,271728027331940,2.80255242849407E17,1.12102097139763E17
2.01002004008016,3.36701989306882E21,1.51515895188097E21,696973245221991,278789298088796,2.83175418721244E17,1.13270167488498E17
2.04408817635271,2.41633885895939E21,1.08735248653173E21,714626422114131,285850568845652,2.88473168437352E17,1.15389267374941E17
2.07815631262525,2.52112710275224E21,1.13450719623851E21,734428626316558,293771450526623,2.94590082251067E17,1.17836032900427E17
2.1122244488978,2.30567821948535E21,1.03755519876841E21,754705462317575,301882184927030,3.00706996064782E17,1.20282798425913E17
2.14629258517034,1.90083382951452E21,8.55375223281534E20,780037043845244,312014817538098,3.0718491907885E17,1.2287396763154E17
2.18036072144289,1.95089180140539E21,8.77901310632426E20,816537982423737,326615192969495,3.13879447613132E17,1.25551779045253E17
2.21442885771543,1.93624939589273E21,8.71312228151729E20,853038921002230,341215568400892,3.20573976147413E17,1.28229590458965E17
2.24849699398798,1.84582778122934E21,8.30622501553203E20,858343173502360,343337269400944,3.26648936343386E17,1.30659574537354E17
2.28256513026052,1.86759887287298E21,8.40419492792841E20,856043233770888,342417293508355,3.32119626184713E17,1.32847850473885E17
2.31663326653307,1.97504251116025E21,8.88769130022112E20,853159864617675,341263945847070,3.3759031602604E17,1.35036126410416E17
2.35070140280561,2.23948821649518E21,1.00776969742283E21,848892086667109,339556834666844,3.43200993917001E17,1.372803975668E17
2.38476953907816,2.19065457482613E21,9.85794558671759E20,844624308716544,337849723486618,3.49032943241253E17,1.39613177296501E17
2.4188376753507,2.04726546822049E21,9.2126946069922E20,861512929652761,344605171861104,3.54864892565506E17,1.41945957026202E17
2.45290581162325,1.98829408487544E21,8.94732338193948E20,884061224176525,353624489670610,3.59731270490743E17,1.43892508196297E17
2.48697394789579,1.81930860531841E21,8.18688872393285E20,902799750866005,361119900346402,3.61970396004703E17,1.44788158401881E17
2.52104208416834,1.57779317926194E21,7.10006930667873E20,911809763264369,364723905305748,3.64209521518663E17,1.45683808607465E17
2.55511022044088,1.58278528667564E21,7.12253379004038E20,920819775662733,368327910265093,3.66955531468846E17,1.46782212587538E17
2.58917835671343,1.56411912742685E21,7.03853607342083E20,909922935126288,363969174050515,3.72573886557621E17,1.49029554623048E17
2.62324649298597,1.51554215961189E21,6.81993971825351E20,893209157043957,357283662817583,3.78192241646396E17,1.51276896658558E17
2.65731462925852,1.70560269792004E21,7.67521214064018E20,875229006057708,350091602423083,3.83943450938498E17,1.53577380375399E17
2.69138276553106,1.77020456576064E21,7.96592054592288E20,853760356128589,341504142451436,3.93813140533765E17,1.57525256213506E17
2.72545090180361,1.44484139905943E21,6.50178629576743E20,832291706199470,332916682479788,4.03682830129032E17,1.61473132051613E17
2.75951903807615,1.3634226248973E21,6.13540181203785E20,821572695939997,328629078375999,4.13552519724298E17,1.65421007889719E17
2.7935871743487,1.37445903224075E21,6.18506564508338E20,814270789681471,325708315872588,4.19498862307766E17,1.67799544923106E17
2.82765531062124,1.36918403142406E21,6.16132814140827E20,812193169938823,324877267975529,4.25068993533939E17,1.70027597413576E17
2.86172344689379,1.40237035362552E21,6.31066659131484E20,825683924013492,330273569605397,4.30639124760111E17,1.72255649904044E17
2.89579158316633,1.46445579146493E21,6.59005106159219E20,839174678088160,335669871235264,4.31538691183981E17,1.72615476473592E17
2.92985971943888,1.47262992510221E21,6.62683466295995E20,847829410205049,339131764082020,4.31224646281269E17,1.72489858512508E17
2.96392785571142,1.38782864423235E21,6.24522889904558E20,854817675295948,341927070118379,4.30910601378557E17,1.72364240551423E17
2.99799599198397,1.17628646733355E21,5.29328910300097E20,862159079797644,344863631919058,4.33686742039174E17,1.7347469681567E17
3.03206412825651,1.22559346530196E21,5.51517059385882E20,870642552181070,348257020872428,4.37950749822876E17,1.7518029992915E17
3.06613226452906,1.30526962566184E21,5.87371331547828E20,879126024564496,351650409825798,4.42214757606579E17,1.76885903042632E17
3.1002004008016,1.34218055022404E21,6.03981247600818E20,892210113551200,356884045420480,4.47699090573087E17,1.79079636229235E17
3.13426853707415,1.29267545885727E21,5.81703956485771E20,907007535617746,362803014247098,4.54156941382059E17,1.81662776552824E17
3.16833667334669,1.22214065025085E21,5.49963292612883E20,925045776486769,370018310594708,4.6061479219103E17,1.84245916876412E17
3.20240480961924,1.26206034921592E21,5.67927157147164E20,954500538137249,381800215254900,4.66920100265904E17,1.86768040106362E17
3.23647294589178,1.23329948201883E21,5.54984766908474E20,983955299787728,393582119915091,4.73029281968367E17,1.89211712787347E17
3.27054108216433,1.14880924113588E21,5.16964158511146E20,1.00322057830565E15,401288231322260,4.7913846367083E17,1.91655385468332E17
3.30460921843687,1.10238324685137E21,4.96072461083117E20,1.01839571218585E15,407358284874340,4.84173264581996E17,1.93669305832798E17
3.33867735470942,1.06175062975506E21,4.77787783389777E20,1.02305705850879E15,409222823403516,4.86911839880391E17,1.94764735952156E17
3.37274549098196,1.02840316818312E21,4.62781425682404E20,987201857659817,394880743063927,4.89650415178786E17,1.95860166071514E17
3.40681362725451,9.675023894476E20,4.3537607525142E20,951346656810849,380538662724340,4.92536750791412E17,1.97014700316565E17
3.44088176352705,9.23982325248884E20,4.15792046361998E20,935315216714219,374126086685688,4.96014127660961E17,1.98405651064384E17
3.4749498997996,9.47585467349881E20,4.26413460307446E20,927840795647375,371136318258950,4.9949150453051E17,1.99796601812204E17
3.50901803607214,9.23672353591788E20,4.15652559116305E20,923273102161872,369309240864749,5.0283091746397E17,2.01132366985588E17
3.54308617234469,8.82072963434749E20,3.96932833545637E20,931020754481521,372408301792608,5.04610276658568E17,2.01844110663427E17
3.57715430861723,8.78195582741986E20,3.95188012233894E20,938768406801170,375507362720468,5.06389635853166E17,2.02555854341266E17
3.61122244488978,8.70642383962947E20,3.91789072783326E20,939229044004620,375691617601848,5.08168995047764E17,2.03267598019106E17
3.64529058116232,8.59870125558055E20,3.86941556501125E20,936314078617478,374525631446991,5.09226443459654E17,2.03690577383862E17
3.67935871743487,8.84297537054627E20,3.97933891674582E20,932415206407597,372966082563039,5.10255765477412E17,2.04102306190965E17
3.71342685370741,8.86222952242791E20,3.98800328509256E20,923906027942595,369562411177038,5.11285087495171E17,2.04514034998068E17
3.74749498997996,8.49776131010476E20,3.82399258954714E20,915396849477593,366158739791037,5.15055635904753E17,2.06022254361901E17
3.78156312625251,8.27809740263582E20,3.72514383118612E20,923181342078132,369272536831253,5.19333818831339E17,2.07733527532536E17
3.81563126252505,8.09277171958557E20,3.64174727381351E20,939051415808940,375620566323576,5.23612001757925E17,2.0944480070317E17
3.8496993987976,7.90916188727528E20,3.55912284927388E20,953951142754535,381580457101814,5.30853850223716E17,2.12341540089486E17
3.88376753507014,7.43961880197846E20,3.34782846089031E20,963786872414803,385514748965921,5.39219847687137E17,2.15687939074855E17
3.91783567134269,6.92085263861889E20,3.1143836873785E20,973622602075071,389449040830028,5.47585845150558E17,2.19034338060223E17
3.95190380761523,7.39776085867342E20,3.32899238640304E20,989994289860726,395997715944290,5.52087454582163E17,2.20834981832865E17
3.98597194388778,7.91817419577649E20,3.56317838809942E20,1.00983506311293E15,403934025245172,5.54079203745682E17,2.21631681498273E17
4.02004008016032,8.47969052690088E20,3.8158607371054E20,1.02759119059105E15,411036476236420,5.56070952909201E17,2.2242838116368E17
4.05410821643287,7.69997123856571E20,3.46498705735457E20,1.03312698077282E15,413250792309128,5.56494494855332E17,2.22597797942133E17
4.08817635270541,7.07331538947958E20,3.18299192526581E20,1.03866277095458E15,415465108381832,5.55269408701133E17,2.22107763480453E17
4.12224448897796,6.8600584270764E20,3.08702629218438E20,1.04245583513771E15,416982334055084,5.54044322546933E17,2.21617729018773E17
4.1563126252505,6.74822181437024E20,3.03669981646661E20,1.04526089717987E15,418104358871948,5.54514845828402E17,2.21805938331361E17
4.19038076152305,6.76573235708296E20,3.04457956068733E20,1.04578149079068E15,418312596316272,5.5788802255059E17,2.23155209020236E17
4.22444889779559,7.15229154271237E20,3.21853119422057E20,1.03110158291597E15,412440633166388,5.61261199272778E17,2.24504479709111E17
4.25851703406814,7.38127913711808E20,3.32157561170314E20,1.01642167504125E15,406568670016500,5.63181014006754E17,2.25272405602702E17
4.29258517034068,7.48684115047153E20,3.36907851771219E20,1.00567951666546E15,402271806666184,5.60740742776091E17,2.24296297110436E17
4.32665330661323,7.10775466242516E20,3.19848959809132E20,997319061615644,398927624646258,5.58300471545428E17,2.23320188618171E17
4.36072144288577,6.83345045504654E20,3.07505270477094E20,989501266523424,395800506609370,5.5567568880008E17,2.22270275520032E17
4.39478957915832,6.66593073752042E20,2.99966883188419E20,985835999802389,394334399920956,5.51829615552765E17,2.20731846221106E17
4.42885771543086,6.48849639860751E20,2.91982337937338E20,982170733081355,392868293232542,5.4798354230545E17,2.1919341692218E17
4.46292585170341,6.35060770151928E20,2.85777346568368E20,993332857149737,397333142859895,5.44195666889428E17,2.17678266755771E17
4.49699398797595,6.28873410219342E20,2.82993034598704E20,1.01405313395841E15,405621253583364,5.45005420145555E17,2.18002168058222E17
4.5310621242485,6.19532650052122E20,2.78789692523455E20,1.03291665472279E15,413166661889116,5.45815173401682E17,2.18326069360673E17
4.56513026052104,6.11321106235314E20,2.75094497805891E20,1.03516220889085E15,414064883556340,5.46624926657809E17,2.18649970663124E17
4.59919839679359,6.11398549589034E20,2.75129347315065E20,1.03740776305892E15,414963105223568,5.4953781124093E17,2.19815124496372E17
4.63326653306613,5.91033999190139E20,2.65965299635563E20,1.03293123697549E15,413172494790196,5.52700718429357E17,2.21080287371743E17
4.66733466933868,5.60618378028613E20,2.52278270112876E20,1.02384040156688E15,409536160626752,5.55863625617784E17,2.22345450247114E17
4.70140280561122,5.72244442130206E20,2.57509998958593E20,1.01548719516525E15,406194878066100,5.56491075986503E17,2.22596430394601E17
4.73547094188377,5.9534216332844E20,2.67903973497798E20,1.01503095813246E15,406012383252984,5.5638242598821E17,2.22552970395284E17
4.76953907815631,6.31051110209075E20,2.83972999594084E20,1.01457472109966E15,405829888439864,5.56273775989916E17,2.22509510395966E17
4.80360721442886,6.11770963033239E20,2.75296933364958E20,1.01390343339522E15,405561373358088,5.56845936657735E17,2.22738374663094E17
4.8376753507014,5.88388154295754E20,2.64774669433089E20,1.0130750652002E15,405230026080080,5.57774712436374E17,2.2310988497455E17
4.87174348697395,5.68810047381912E20,2.5596452132186E20,1.01122377008604E15,404489508034416,5.58703488215014E17,2.23481395286006E17
4.90581162324649,5.27868406262755E20,2.3754078281824E20,995855226397567,398342090559027,5.5988615885598E17,2.23954463542392E17
4.93987975951904,4.92804884909062E20,2.21762198209078E20,980486682709094,392194673083638,5.61287297169182E17,2.24514918867673E17
4.97394789579158,5.16356854703414E20,2.32360584616536E20,954598247425799,381839298970320,5.62688435482384E17,2.25075374192954E17
5.00801603206413,5.21709794721432E20,2.34769407624644E20,920538110635809,368215244254324,5.6251199945382E17,2.25004799781528E17
5.04208416833667,5.15162883423465E20,2.31823297540559E20,887595136646146,355038054658458,5.60145796055342E17,2.24058318422137E17
5.07615230460922,5.07034165717848E20,2.28165374573032E20,873745490516605,349498196206642,5.57779592656864E17,2.23111837062746E17
5.11022044088176,5.09048132978659E20,2.29071659840397E20,859895844387064,343958337754826,5.55778042735897E17,2.22311217094359E17
5.14428857715431,5.23093423096197E20,2.35392040393289E20,858347017961488,343338807184595,5.54627350929126E17,2.2185094037165E17
5.17835671342685,4.98717629651535E20,2.24422933343191E20,866954831658453,346781932663381,5.53476659122353E17,2.21390663648941E17
5.2124248496994,4.76295392884785E20,2.14332926798153E20,874969078604505,349987631441802,5.52339286995368E17,2.20935714798147E17
5.24649298597194,4.69584458435602E20,2.11313006296021E20,868811919372481,347524767748992,5.51262083077071E17,2.20504833230828E17
5.28056112224449,4.70853338577443E20,2.11884002359849E20,862654760140456,345061904056182,5.50184879158775E17,2.2007395166351E17
5.31462925851703,4.78670578548563E20,2.15401760346853E20,862514224927815,345005689971126,5.48989114423573E17,2.19595645769429E17
5.34869739478958,5.0563729830401E20,2.27536784236804E20,867652425883125,347060970353250,5.46014937434786E17,2.18405974973914E17
5.38276553106212,4.98011642080496E20,2.24105238936223E20,873259886611815,349303954644726,5.43040760445998E17,2.17216304178399E17
5.41683366733467,4.66148627284993E20,2.09766882278247E20,897074626547711,358829850619084,5.40066583457211E17,2.16026633382884E17
5.45090180360721,4.44152078781378E20,1.9986843545162E20,920889366483606,368355746593442,5.37531630575604E17,2.15012652230242E17
5.48496993987976,4.50873986957103E20,2.02893294130696E20,934786275990587,373914510396235,5.35022856614292E17,2.14009142645717E17
5.51903807615231,4.94372048290542E20,2.22467421730744E20,939439382379357,375775752951743,5.3251408265298E17,2.13005633061192E17
5.55310621242485,5.04915547545646E20,2.27211996395541E20,944061624717288,377624649886915,5.31002027072691E17,2.12400810829076E17
5.5871743486974,5.06807575127163E20,2.28063408807223E20,945643758047684,378257503219074,5.29701396603527E17,2.11880558641411E17
5.62124248496994,5.00189294847335E20,2.25085182681301E20,947225891378080,378890356551232,5.28400766134364E17,2.11360306453746E17
5.65531062124249,5.12376329174968E20,2.30569348128736E20,931101158298095,372440463319238,5.2716163944015E17,2.1086465577606E17
5.68937875751503,5.30427611763833E20,2.38692425293725E20,897446627471833,358978650988733,5.25948093962065E17,2.10379237584826E17
5.72344689378758,5.38858536354745E20,2.42486341359635E20,863792096645570,345516838658228,5.24734548483981E17,2.09893819393592E17
5.75751503006012,5.13887013291961E20,2.31249155981382E20,830008095790545,332003238316218,5.24909581164748E17,2.09963832465899E17
5.79158316633267,4.63492516181641E20,2.08571632281738E20,796223441046484,318489376418594,5.26059572978327E17,2.10423829191331E17
5.82565130260521,4.77916138257581E20,2.15062262215911E20,784028253775707,313611301510283,5.27209564791905E17,2.10883825916762E17
5.85971943887776,4.72181102161414E20,2.12481495972636E20,794535393126320,317814157250528,5.27115873583926E17,2.1084634943357E17
5.8937875751503,4.3798804254178E20,1.97094619143801E20,805042532476933,322017012990773,5.25612674951515E17,2.10245069980606E17
5.92785571142285,4.21822919577347E20,1.89820313809806E20,810667674905100,324267069962040,5.24109476319103E17,2.09643790527641E17
5.96192384769539,4.22934036965698E20,1.90320316634564E20,816192673806651,326477069522660,5.23172289627925E17,2.0926891585117E17
5.99599198396794,4.61596320301633E20,2.07718344135735E20,820932320773346,328372928309338,5.23286267970466E17,2.09314507188186E17
6.03006012024048,4.72243685057676E20,2.12509658275954E20,824794712919189,329917885167676,5.23400246313006E17,2.09360098525202E17
6.06412825651303,4.69044017697547E20,2.11069807963896E20,828657105065032,331462842026013,5.2294949058667E17,2.09179796234668E17
6.09819639278557,4.53885676234473E20,2.04248554305513E20,825622763738934,330249105495574,5.20621375658391E17,2.08248550263356E17
6.13226452905812,4.47335200116255E20,2.01300840052315E20,822336979005005,328934791602002,5.18293260730112E17,2.07317304292045E17
6.16633266533066,4.47859004137774E20,2.01536551861998E20,813829582688605,325531833075442,5.15479711834058E17,2.06191884733623E17
6.20040080160321,4.21335891642198E20,1.89601151238989E20,799125108889711,319650043555884,5.08836628303334E17,2.03534651321334E17
6.23446893787575,4.00961717216959E20,1.80432772747632E20,784420635090817,313768254036327,5.0219354477261E17,2.00877417909044E17
6.2685370741483,3.90834350304283E20,1.75875457636927E20,793375058599038,317350023439615,4.95550461241886E17,1.98220184496754E17
6.30260521042084,4.09418697625749E20,1.84238413931587E20,803581275615572,321432510246229,4.91436759627567E17,1.96574703851027E17
6.33667334669339,4.31575026280379E20,1.94208761826171E20,819383531752601,327753412701040,4.87338966075614E17,1.94935586430246E17
6.37074148296593,4.46457567428306E20,2.00905905342738E20,842244428143892,336897771257557,4.83241172523662E17,1.93296469009465E17
6.40480961923848,4.48536555504421E20,2.01841449976989E20,865105324535182,346042129814073,4.84128919538307E17,1.93651567815323E17
6.43887775551102,4.43836142144687E20,1.99726263965109E20,870885216667255,348354086666902,4.85728886633894E17,1.94291554653558E17
6.47294589178357,4.33067099286898E20,1.94880194679104E20,875471275168308,350188510067323,4.87328853729481E17,1.94931541491792E17
6.50701402805611,4.17325840024051E20,1.87796628010823E20,879377124480703,351750849792281,4.8721767883857E17,1.94887071535428E17
6.54108216432866,3.97174698354338E20,1.78728614259452E20,882370693234194,352948277293678,4.86554978844573E17,1.94621991537829E17
6.5751503006012,4.01544395496247E20,1.80694977973311E20,885364261987684,354145704795074,4.85892278850575E17,1.9435691154023E17
6.60921843687375,4.10762613757946E20,1.84843176191076E20,884832203177789,353932881271116,4.84792291978215E17,1.93916916791286E17
6.64328657314629,4.25999400891888E20,1.9169973040135E20,883991892777652,353596757111061,4.83443651782864E17,1.93377460713146E17
6.67735470941884,4.16878873025121E20,1.87595492861304E20,871014316550979,348405726620392,4.82095011587513E17,1.92838004635005E17
6.71142284569138,4.06911500017962E20,1.83110175008083E20,840718934205955,336287573682382,4.7925110879949E17,1.91700443519796E17
6.74549098196393,4.1322199534705E20,1.85949897906172E20,810423551860931,324169420744372,4.75020034690554E17,1.90008013876222E17
6.77955911823647,4.17351862046272E20,1.87808337920822E20,815834168830692,326333667532277,4.70788960581618E17,1.88315584232647E17
6.81362725450902,4.21285957713439E20,1.89578680971048E20,825013752394791,330005500957916,4.66007974582118E17,1.86403189832847E17
6.84769539078156,4.35220338058007E20,1.95849152126103E20,831801698665780,332720679466312,4.60402120746772E17,1.84160848298709E17
6.88176352705411,4.26560497517724E20,1.91952223882976E20,834956778162426,333982711264970,4.54796266911426E17,1.8191850676457E17
6.91583166332665,3.96282729587615E20,1.78327228314427E20,838111857659072,335244743063629,4.49219890432091E17,1.79687956172836E17
6.9498997995992,4.27100199130608E20,1.92195089608774E20,821437883230398,328575153292159,4.43718844973671E17,1.77487537989468E17
6.98396793587174,4.44741355688882E20,2.00133610059997E20,802299280630214,320919712252086,4.38217799515251E17,1.752871198061E17
7.01803607214429,4.32011425126777E20,1.9440514130705E20,793919645171699,317567858068680,4.33236817280261E17,1.73294726912104E17
7.05210420841683,4.03535335889748E20,1.81590901150387E20,802952548639834,321181019455934,4.30936160889098E17,1.72374464355639E17
7.08617234468938,3.77882002444918E20,1.70046901100213E20,811985452107967,324794180843187,4.28635504497935E17,1.71454201799174E17
7.12024048096192,3.78017475661155E20,1.7010786404752E20,814088966434817,325635586573927,4.26383407460093E17,1.70553362984037E17
7.15430861723447,3.85067341398111E20,1.7328030362915E20,815196878873550,326078751549420,4.25192679144852E17,1.70077071657941E17
7.18837675350701,3.95385728951775E20,1.77923578028299E20,811997472762767,324798989105107,4.24001950829611E17,1.69600780331844E17
7.22244488977956,3.97043473226789E20,1.78669562952055E20,801363516826792,320545406730717,4.22811222514369E17,1.69124489005748E17
7.2565130260521,3.88077218261732E20,1.74634748217779E20,790729560890816,316291824356326,4.22833609130058E17,1.69133443652023E17
7.29058116232465,3.68146451260451E20,1.65665903067203E20,775685132613002,310274053045201,4.22954356415822E17,1.69181742566329E17
7.32464929859719,3.5254664435153E20,1.58645989958189E20,759918521729506,303967408691802,4.23075103701586E17,1.69230041480634E17
7.35871743486974,3.44794822451652E20,1.55157670103243E20,745066797531024,298026719012410,4.22575315045355E17,1.69030126018142E17
7.39278557114228,3.51280555469891E20,1.58076249961451E20,731901078794923,292760431517969,4.21926405348799E17,1.6877056213952E17
7.42685370741483,3.71318522578391E20,1.67093335160276E20,718735360058822,287494144023529,4.21277495652244E17,1.68510998260898E17
7.46092184368738,3.95603805893033E20,1.78021712651865E20,735699735710414,294279894284166,4.19927932156662E17,1.67971172862665E17
7.49498997995992,4.20681869268221E20,1.89306841170699E20,758223831159735,303289532463894,4.18259889661523E17,1.67303955864609E17
7.52905811623247,4.22674424824333E20,1.9020349117095E20,771586800119751,308634720047900,4.16591847166383E17,1.66636738866553E17
7.56312625250501,4.10760538068772E20,1.84842242130947E20,766900982563524,306760393025410,4.11036742043551E17,1.6441469681742E17
7.59719438877756,4.01983343182104E20,1.80892504431947E20,762215165007297,304886066002919,4.02534303719499E17,1.610137214878E17
7.6312625250501,3.9827099602136E20,1.79221948209612E20,759490456226885,303796182490754,3.94031865395448E17,1.57612746158179E17
7.66533066132265,4.00197512662143E20,1.80088880697964E20,757169854709368,302867941883747,3.8686924014957E17,1.54747696059828E17
7.69939879759519,3.80478459832463E20,1.71215306924608E20,755136274984215,302054509993686,3.81344164221459E17,1.52537665688584E17
7.73346693386774,3.73974955387565E20,1.68288729924404E20,753708131852330,301483252740932,3.75819088293348E17,1.50327635317339E17
7.76753507014028,3.99978524889919E20,1.79990336200464E20,752279988720445,300911995488178,3.71792528771986E17,1.48717011508794E17
7.80160320641283,4.04820428517547E20,1.82169192832896E20,757683963054183,303073585221673,3.70791275958588E17,1.48316510383435E17
7.83567134268537,4.05745551794049E20,1.82585498307322E20,764648359278217,305859343711287,3.6979002314519E17,1.47916009258076E17
7.86973947895792,4.21153705294127E20,1.89519167382357E20,765532797628519,306213119051408,3.68178113246332E17,1.47271245298533E17
7.90380761523046,4.12150688397925E20,1.85467809779066E20,752662577182508,301065030873003,3.64303180030768E17,1.45721272012307E17
7.93787575150301,3.87090085067158E20,1.74190538280221E20,739792356736498,295916942694599,3.60428246815204E17,1.44171298726082E17
7.97194388777555,3.63607728371789E20,1.63623477767305E20,732662152100877,293064860840351,3.56440247182959E17,1.42576098873184E17
8.0060120240481,3.52340914332022E20,1.5855341144941E20,726975976599945,290790390639978,3.51359272189473E17,1.40543708875789E17
8.04008016032064,3.55749717510442E20,1.60087372879699E20,721898373736736,288759349494694,3.46278297195987E17,1.38511318878395E17
8.07414829659319,3.68324501631395E20,1.65746025734128E20,718300231941093,287320092776437,3.41197322202501E17,1.36478928881E17
8.10821643286573,3.73283806073064E20,1.67977712732879E20,714702090145450,285880836058180,3.39954930502608E17,1.35981972201043E17
8.14228456913828,3.58139435999934E20,1.6116274619997E20,699190483531080,279676193412432,3.38810964015371E17,1.35524385606148E17
8.17635270541082,3.61508550785083E20,1.62678847853287E20,680395037255137,272158014902055,3.37666997528134E17,1.35066799011254E17
8.21042084168337,3.70580969383001E20,1.6676143622235E20,660758453470057,264303381388023,3.36032040893508E17,1.34412816357403E17
8.24448897795591,3.73888035611916E20,1.68249616025362E20,638919618751965,255567847500786,3.34314655256035E17,1.33725862102414E17
8.27855711422846,3.70621312201957E20,1.66779590490881E20,617080784033873,246832313613549,3.32597269618562E17,1.33038907847425E17
8.312625250501,3.62565375837687E20,1.63154419126959E20,626121467518832,250448587007533,3.2491168268177E17,1.29964673072708E17
8.34669338677355,3.44176200619688E20,1.5487929027886E20,644446189156344,257778475662538,3.15101820706236E17,1.26040728282494E17
8.38076152304609,3.38006041785278E20,1.52102718803375E20,661835311405064,264734124562026,3.05291958730702E17,1.22116783492281E17
8.41482965931864,3.4768518681074E20,1.56458334064833E20,676579566150854,270631826460342,2.97796696331492E17,1.19118678532597E17
8.44889779559118,3.66713725943949E20,1.65021176674777E20,691323820896645,276529528358658,2.91727601347997E17,1.16691040539199E17
8.48296593186373,3.80606439011339E20,1.71272897555103E20,674577992242918,269831196897167,2.85658506364501E17,1.142634025458E17
8.51703406813627,3.78001926638308E20,1.70100866987239E20,647545403012015,259018161204806,2.84114804351442E17,1.13645921740577E17
8.55110220440882,3.70586784332662E20,1.66764052949698E20,625138754986971,250055501994788,2.87096495308819E17,1.14838598123528E17
8.58517034068136,3.62340569196297E20,1.63053256138334E20,616893151469656,246757260587862,2.90078186266195E17,1.16031274506478E17
8.61923847695391,3.60956275611247E20,1.62430324025061E20,608647547952341,243459019180936,2.92519062051854E17,1.17007624820742E17
8.65330661322645,3.60235940072619E20,1.62106173032679E20,610914611617184,244365844646874,2.94082221411283E17,1.17632888564513E17
8.687374749499,3.60027482804416E20,1.62012367261987E20,616900441904286,246760176761714,2.95645380770712E17,1.18258152308285E17
8.72144288577154,3.47520933901051E20,1.56384420255473E20,623908187646197,249563275058479,2.96826570188323E17,1.18730628075329E17
8.75551102204409,3.41354638509236E20,1.53609587329156E20,634314913053011,253725965221204,2.96934605959877E17,1.18773842383951E17
8.78957915831663,3.44238979272202E20,1.54907540672491E20,644721638459826,257888655383930,2.97042641731432E17,1.18817056692573E17
8.82364729458918,3.39133518330474E20,1.52610083248713E20,651822944479089,260729177791636,2.96981074061625E17,1.1879242962465E17
8.85771543086172,3.2801348102414E20,1.47606066460863E20,657661763926718,263064705570687,2.9590925980632E17,1.18363703922528E17
8.89178356713427,3.0456098200577E20,1.37052441902597E20,654930570478975,261972228191590,2.94837445551015E17,1.17934978220406E17
8.92585170340681,2.99607814871248E20,1.34823516692062E20,621108167457321,248443266982928,2.93643987441828E17,1.17457594976731E17
8.95991983967936,3.03614589734135E20,1.36626565380361E20,587285764435669,234914305774268,2.87706419031242E17,1.15082567612497E17
8.9939879759519,3.13520147016686E20,1.41084066157509E20,586228741116477,234491496446591,2.81768850620656E17,1.12707540248262E17
9.02805611222445,3.1717817997664E20,1.42730180989488E20,598649675405391,239459870162156,2.7583128221007E17,1.10332512884028E17
9.06212424849699,3.15635961477321E20,1.42036182664794E20,609814301003867,243925720401547,2.72432340239022E17,1.08972936095609E17
9.09619238476954,3.09697579396005E20,1.39363910728202E20,615985099557853,246394039823141,2.69296014796201E17,1.0771840591848E17
9.13026052104208,2.96458223591808E20,1.33406200616314E20,622155898111839,248862359244736,2.66159689353381E17,1.06463875741352E17
9.16432865731463,2.72346246756581E20,1.22555811040461E20,625080793149263,250032317259705,2.63824872214223E17,1.05529948885689E17
9.19839679358717,2.89420847663786E20,1.30239381448704E20,626570904748207,250628361899283,2.61706335093514E17,1.04682534037406E17
9.23246492985972,3.1232215629659E20,1.40544970333466E20,624286444961172,249714577984469,2.59587797972804E17,1.03835119189122E17
9.26653306613227,3.2615458294421E20,1.46769562324894E20,605475483430114,242190193372046,2.55732708336558E17,1.02293083334623E17
9.30060120240481,3.20034160425488E20,1.4401537219147E20,586664521899056,234665808759622,2.51017457173924E17,1.0040698286957E17
9.33466933867735,3.04676668313373E20,1.37104500741018E20,578587796757662,231435118703065,2.46302206011291E17,9.85208824045164E16
9.3687374749499,2.92582466618461E20,1.31662109978307E20,575599894793590,230239957917436,2.42720112124476E17,9.70880448497904E16
9.40280561122244,2.82490836849607E20,1.27120876582323E20,574614994885080,229845997954032,2.40065146917875E17,9.602605876715E16
9.43687374749499,2.74197924379609E20,1.23389065970824E20,583350546128569,233340218451428,2.37410181711275E17,9.496407268451E16
9.47094188376754,2.85587667094154E20,1.28514450192369E20,592086097372057,236834438948823,2.34353616071774E17,9.37414464287096E16
9.50501002004008,2.82795900503017E20,1.27258155226358E20,602499950758943,240999980303577,2.30767403484537E17,9.23069613938148E16
9.53907815631263,2.55117904311919E20,1.14803056940364E20,613765669627704,245506267851082,2.27181190897299E17,9.08724763589196E16
9.57314629258517,2.47176991792674E20,1.11229646306703E20,623432656803193,249373062721277,2.24023248464838E17,8.96092993859352E16
9.60721442885772,2.39476244181622E20,1.0776430988173E20,624435549640948,249774219856379,2.21807500372886E17,8.87230001491544E16
9.64128256513026,2.16538346895574E20,9.74422561030083E19,625438442478703,250175376991481,2.19591752280934E17,8.78367009123736E16
9.67535070140281,2.05695758264351E20,9.2563091218958E19,622492684166055,248997073666422,2.17775174660062E17,8.71100698640248E16
9.70941883767535,2.03358913902998E20,9.15115112563491E19,617404246934583,246961698773833,2.17619661257559E17,8.70478645030236E16
9.7434869739479,2.25279575818343E20,1.01375809118254E20,614355436688212,245742174675285,2.17464147855057E17,8.69856591420228E16
9.77755511022044,2.44592634011101E20,1.10066685304995E20,623762919815138,249505167926055,2.17306435995803E17,8.69225743983212E16
9.81162324649299,2.61379069963337E20,1.17620581483502E20,633170402942063,253268161176825,2.1712160983662E17,8.6848643934648E16
9.84569138276553,2.81448510326377E20,1.2665182964687E20,618118488466886,247247395386754,2.16936783677437E17,8.67747134709748E16
9.87975951903808,2.92943425309933E20,1.3182454138947E20,588895653158745,235558261263498,2.16751957518254E17,8.67007830073016E16
9.91382765531062,2.88754914238317E20,1.29939711407243E20,561595942579010,224638377031604,2.15595378249973E17,8.62381512999892E16
9.94789579158317,2.86054858050449E20,1.28724686122702E20,547681180108984,219072472043594,2.14394339689119E17,8.57577358756476E16
9.98196392785571,2.82716844676582E20,1.27222580104462E20,533766417638957,213506567055583,2.13193301128265E17,8.5277320451306E16
10.0160320641283,2.75481656462933E20,1.2396674540832E20,518235346956883,207294138782753,2.10136443675802E17,8.40545774703208E16
10.0501002004008,2.54390716366281E20,1.14475822364826E20,501705581769803,200682232707921,2.06719501960788E17,8.26878007843152E16
10.0841683366733,2.26071115419101E20,1.01732001938595E20,485810368303415,194324147321366,2.03302560245775E17,8.132102409831E16
10.1182364729459,2.07545308159382E20,9.33953886717219E19,475020411862589,190008164745036,2.00290334765255E17,8.0116133906102E16
10.1523046092184,1.98486458475458E20,8.93189063139561E19,464230455421763,185692182168705,1.97436476506928E17,7.89745906027712E16
10.186372745491,1.99322106386882E20,8.96949478740969E19,460772770738073,184309108295229,1.94582618248601E17,7.78330472994404E16
10.2204408817635,2.05647778432771E20,9.25415002947469E19,462142164961164,184856865984466,1.92734850079841E17,7.70939400319364E16
10.2545090180361,2.05594572933864E20,9.25175578202388E19,465680973931917,186272389572767,1.91557808637457E17,7.66231234549828E16
10.2885771543086,1.92207907212071E20,8.6493558245432E19,489772133143669,195908853257468,1.90380767195074E17,7.61523068780296E16
10.3226452905812,1.94412024376483E20,8.74854109694174E19,513863292355421,205545316942168,1.90037266468376E17,7.60149065873504E16
10.3567134268537,2.01979578080147E20,9.08908101360661E19,523804267525446,209521707010178,1.90592257681962E17,7.62369030727848E16
10.3907815631263,2.12130743012133E20,9.54588343554599E19,523828019691867,209531207876747,1.91147248895547E17,7.64588995582188E16
10.4248496993988,2.07146479221209E20,9.32159156495441E19,522924559691837,209169823876735,1.92013328452955E17,7.6805331381182E16
10.4589178356713,1.94125423391883E20,8.73564405263474E19,511416110538026,204566444215210,1.93426494408118E17,7.73705977632472E16
10.4929859719439,2.09391983339304E20,9.42263925026868E19,499907661384215,199963064553686,1.94839660363281E17,7.79358641453124E16
10.5270541082164,2.1965583561302E20,9.8845126025859E19,491051543122430,196420617248972,1.94889146283368E17,7.79556585133472E16
10.561122244489,2.24279051046585E20,1.00925572970963E20,484173039999439,193669215999776,1.90707727479243E17,7.62830909916972E16
10.5951903807615,2.22997855079572E20,1.00349034785807E20,477235764907807,190894305963123,1.86526308675119E17,7.46105234700476E16
10.6292585170341,2.19024968795992E20,9.85612359581964E19,469457598572564,187783039429026,1.82396449337262E17,7.29585797349048E16
10.6633266533066,2.10824562081507E20,9.48710529366782E19,461679432237321,184671772894928,1.78627506263276E17,7.14510025053104E16
10.6973947895792,2.03654690931262E20,9.16446109190679E19,456964234727238,182785693890895,1.7485856318929E17,6.9943425275716E16
10.7314629258517,1.9964136263201E20,8.98386131844045E19,454677336826292,181870934730517,1.7110075991681E17,6.8440303966724E16
10.7655310621242,2.09007577590372E20,9.40534099156674E19,452077945731738,180831178292695,1.69114185083928E17,6.76456740335712E16
10.7995991983968,1.98277952405229E20,8.9225078582353E19,443572433277985,177428973311194,1.67127610251045E17,6.6851044100418E16
10.8336673346693,1.74598412406965E20,7.85692855831342E19,435066920824232,174026768329693,1.65141035418162E17,6.60564141672648E16
10.8677354709419,1.69558054035827E20,7.63011243161221E19,433241515309560,173296606123824,1.66635110961456E17,6.66540443845824E16
10.9018036072144,1.71297081858201E20,7.70836868361904E19,437044718419483,174817887367793,1.68570395707363E17,6.74281582829452E16
10.935871743487,1.81285153020933E20,8.15783188594199E19,440378380743901,176151352297560,1.70505680453271E17,6.82022721813084E16
10.9699398797595,1.8229112558349E20,8.20310065125705E19,430833210094480,172333284037792,1.69931348953539E17,6.79725395814156E16
11.0040080160321,1.88665681714548E20,8.48995567715466E19,421288039445059,168515215778024,1.68602092241705E17,6.7440836896682E16
11.0380761523046,2.1029997050135E20,9.46349867256075E19,419740002916864,167896001166746,1.67272835529871E17,6.69091342119484E16
11.0721442885772,2.11684827970885E20,9.52581725868982E19,425351305506720,170140522202688,1.65796868914839E17,6.63187475659356E16
11.1062124248497,2.09941980848982E20,9.44738913820419E19,430867267207243,172346906882897,1.64241904659623E17,6.56967618638492E16
11.1402805611222,2.32324847761317E20,1.04546181492593E20,431735360552768,172694144221107,1.62686940404408E17,6.50747761617632E16
11.1743486973948,2.33275224619987E20,1.04973851078994E20,432603453898294,173041381559318,1.64082128838209E17,6.56328515352836E16
11.2084168336673,2.18663659227748E20,9.83986466524866E19,424801063543922,169920425417569,1.68080393174083E17,6.72321572696332E16
11.2424849699399,1.93030349095408E20,8.68636570929336E19,408753213200434,163501285280174,1.72078657509957E17,6.88314630039828E16
11.2765531062124,1.7697433437021E20,7.96384504665945E19,392713715227327,157085486090931,1.7468602412896E17,6.9874409651584E16
11.310621242485,1.7350162747921E20,7.80757323656445E19,378327986589804,151331194635922,1.75312415211813E17,7.01249660847252E16
11.3446893787575,1.7765894276665E20,7.99465242449925E19,363942257952282,145576903180913,1.75938806294666E17,7.03755225178664E16
11.3787575150301,1.78522317756298E20,8.03350429903341E19,362211571291434,144884628516574,1.75382014908479E17,7.01528059633916E16
11.4128256513026,1.6789379216181E20,7.55522064728145E19,373263755314095,149305502125638,1.71980550777581E17,6.87922203110324E16
11.4468937875752,1.67784256815043E20,7.55029155667693E19,384315939336756,153726375734702,1.68579086646683E17,6.74316346586732E16
11.4809619238477,1.70927156525537E20,7.69172204364916E19,389597612422502,155839044969001,1.6510723759194E17,6.6042895036776E16
11.5150300601202,1.67387876919805E20,7.53245446139122E19,394820701640868,157928280656347,1.61303573896218E17,6.45214295584872E16
11.5490981963928,1.68873148770952E20,7.59929169469284E19,387571278795043,155028511518017,1.57499910200496E17,6.29999640801984E16
11.5831663326653,1.74282087209213E20,7.84269392441459E19,366939889880347,146775955952139,1.5383129968188E17,6.1532519872752E16
11.6172344689379,1.79962334806087E20,8.09830506627391E19,346308500965651,138523400386260,1.52428581356937E17,6.09714325427748E16
11.6513026052104,1.82557800287152E20,8.21510101292184E19,327571158923217,131028463569287,1.51025863031993E17,6.04103452127972E16
11.685370741483,1.8076842321445E20,8.13457904465025E19,308882632521820,123553053008728,1.4962314470705E17,5.984925788282E16
11.7194388777555,1.88337099662519E20,8.47516948481336E19,305062630454719,122025052181888,1.49235804881535E17,5.9694321952614E16
11.7535070140281,1.92990855640867E20,8.68458850383902E19,318189548596602,127275819438641,1.48916156955982E17,5.95664627823928E16
11.7875751503006,1.84582371605803E20,8.30620672226114E19,331316466738483,132526586695393,1.48596509030429E17,5.94386036121716E16
11.8216432865731,1.77346381226813E20,7.98058715520658E19,325026179542793,130010471817117,1.47446366865782E17,5.89785467463128E16
11.8557114228457,1.72920660284249E20,7.7814297127912E19,317922606259663,127169042503865,1.46112374831412E17,5.84449499325648E16
11.8897795591182,1.85791310552227E20,8.36060897485022E19,302917813845113,121167125538045,1.44778382797042E17,5.79113531188168E16
11.9238476953908,1.94632496910758E20,8.75846236098411E19,278343767149175,111337506859670,1.47488290500053E17,5.89953162000212E16
11.9579158316633,2.00076751485162E20,9.00345381683229E19,253769720453236,101507888181294,1.51931298090512E17,6.07725192362048E16
11.9919839679359,1.98313980625257E20,8.92412912813656E19,244839189491550,97935675796620,1.56374305680971E17,6.25497222723884E16
12.0260521042084,1.95363920723104E20,8.79137643253968E19,236823970620698,94729588248279.2,1.59324180867938E17,6.37296723471752E16
12.060120240481,1.909507708803E20,8.5927846896135E19,232027412181110,92810964872444,1.61198358516906E17,6.44793434067624E16
12.0941883767535,1.69966050407984E20,7.64847226835928E19,231374416595564,92549766638225.6,1.63072536165873E17,6.52290144663492E16
12.1282565130261,1.53783199670167E20,6.92024398515752E19,230721421010018,92288568404007.2,1.62796708306283E17,6.51186833225132E16
12.1623246492986,1.63445649326215E20,7.35505421967968E19,230982993642964,92393197457185.6,1.60022225396207E17,6.40088901584828E16
12.1963927855711,1.65540459696625E20,7.44932068634812E19,231313776843796,92525510737518.4,1.57247742486132E17,6.28990969944528E16
12.2304609218437,1.64936517309731E20,7.42214327893789E19,232587974565302,93035189826120.8,1.53183697512854E17,6.12734790051416E16
12.2645290581162,1.73523736885971E20,7.8085681598687E19,235153751690109,94061500676043.6,1.46657761328008E17,5.86631045312032E16
12.2985971943888,1.65704181985991E20,7.4566881893696E19,237719528814917,95087811525966.8,1.40131825143163E17,5.60527300572652E16
12.3326653306613,1.429603924721E20,6.4332176612445E19,225574789830653,90229915932261.2,1.34020583608609E17,5.36082334434436E16
12.3667334669339,1.43865584024641E20,6.47395128110884E19,212055991649388,84822396659755.2,1.29337734758394E17,5.17350939033576E16
12.4008016032064,1.46512156885757E20,6.59304705985907E19,205058261796002,82023304718400.8,1.24654885908178E17,4.98619543632712E16
12.434869739479,1.49964527541617E20,6.74840373937277E19,207560359877059,83024143950823.6,1.2022768644357E17,4.8091074577428E16
12.4689378757515,1.46631966078905E20,6.59843847355073E19,210062457958116,84024983183246.4,1.17950949457894E17,4.71803797831576E16
12.503006012024,1.4307311514896E20,6.4382901817032E19,219187584369808,87675033747923.2,1.15674212472217E17,4.62696849888868E16
12.5370741482966,1.44470707444314E20,6.50118183499413E19,229052713946934,91621085578773.6,1.13397475486541E17,4.53589901946164E16
12.5711422845691,1.55410208162689E20,6.993459367321E19,230659742145629,92263896858251.6,1.14393066457326E17,4.57572265829304E16
12.6052104208417,1.70411294836087E20,7.66850826762392E19,219456125898298,87782450359319.2,1.15430079300977E17,4.61720317203908E16
12.6392785571142,1.73627338595092E20,7.81323023677914E19,208252509650967,83301003860386.8,1.16467092144628E17,4.65868368578512E16
12.6733466933868,1.70231277349594E20,7.66040748073173E19,201171973221946,80468789288778.4,1.15717805880973E17,4.62871223523892E16
12.7074148296593,1.60347088068427E20,7.21561896307922E19,194630248360090,77852099344036,1.14698647090315E17,4.5879458836126E16
12.7414829659319,1.47151757787598E20,6.62182910044191E19,189051011297983,75620404519193.2,1.13679488299657E17,4.54717953198628E16
12.7755511022044,1.54606067438261E20,6.95727303472175E19,185063087398127,74025234959250.8,1.11753643759112E17,4.47014575036448E16
12.809619238477,1.99785162806149E20,8.99033232627671E19,181075163498270,72430065399308,1.09525570635271E17,4.38102282541084E16
12.8436873747495,1.82305187149424E20,8.20373342172408E19,163504761716945,65401904686778,1.07297497511431E17,4.29189990045724E16
12.877755511022,1.54851463048926E20,6.96831583720167E19,143893062681758,57557225072703.2,1.06089373031984E17,4.24357492127936E16
12.9118236472946,1.55766907933485E20,7.00951085700683E19,133169752733160,53267901093264,1.05477060136885E17,4.2190824054754E16
12.9458917835671,1.60778137497628E20,7.23501618739326E19,138124573534515,55249829413806,1.04864747241786E17,4.19458988967144E16
12.9799599198397,1.6761857795297E20,7.54283600788365E19,143079394335870,57231757734348,1.04289343490735E17,4.1715737396294E16
13.0140280561122,1.66075407294719E20,7.47339332826236E19,142703095434397,57081238173758.8,1.0374904843768E17,4.1499619375072E16
13.0480961923848,1.64159110500736E20,7.38715997253312E19,141417370230678,56566948092271.2,1.03208753384625E17,4.128350135385E16
13.0821643286573,1.61847881498151E20,7.28315466741679E19,141274502733935,56509801093574,1.0330490906261E17,4.1321963625044E16
13.1162324649299,1.59841215495037E20,7.19285469727667E19,143284845409757,57313938163902.8,1.04380996818545E17,4.1752398727418E16
13.1503006012024,1.58091860287626E20,7.11413371294317E19,145295188085579,58118075234231.6,1.05457084574479E17,4.21828338297916E16
13.184368737475,1.56789595005333E20,7.05553177523999E19,148621575349571,59448630139828.4,1.05932864933611E17,4.23731459734444E16
13.2184368737475,1.59292736041605E20,7.16817312187222E19,152200138822076,60880055528830.4,1.04826016701169E17,4.19304066804676E16
13.25250501002,1.61146314636641E20,7.25158415864884E19,158481284973616,63392513989446.4,1.03719168468728E17,4.14876673874912E16
13.2865731462926,1.55166002511247E20,6.98247011300611E19,170208544705640,68083417882256,1.01864802797359E17,4.07459211189436E16
13.3206412825651,1.54364016223132E20,6.94638073004094E19,181935804437663,72774321775065.2,9.59738429557866E16,3.83895371823146E16
13.3547094188377,1.56896276075348E20,7.06033242339066E19,176635567370705,70654226948282,9.00828831142138E16,3.60331532456855E16
13.3887775551102,1.61637751921997E20,7.27369883648987E19,167701413303965,67080565321586,8.44417756431434E16,3.37767102572574E16
13.4228456913828,1.6733375202598E20,7.5300188411691E19,159087752720790,63635101088316,8.52135456816337E16,3.40854182726535E16
13.4569138276553,1.74119715640026E20,7.83538720380117E19,151165951086268,60466380434507.2,8.59853157201241E16,3.43941262880496E16
13.4909819639279,1.57930936087653E20,7.10689212394438E19,143244149451746,57297659780698.4,8.67570857586145E16,3.47028343034458E16
13.5250501002004,1.45895314480545E20,6.56528915162453E19,147251148694455,58900459477782,8.78784784344375E16,3.5151391373775E16
13.5591182364729,1.48644731277116E20,6.68901290747022E19,154073641311915,61629456524766,8.90307901190042E16,3.56123160476017E16
13.5931863727455,1.42667179234005E20,6.42002306553023E19,159261711840438,63704684736175.2,9.01831018035709E16,3.60732407214284E16
13.627254509018,1.3467974881315E20,6.06058869659175E19,160663371196258,64265348478503.2,9.05702679502387E16,3.62281071800955E16
13.6613226452906,1.31491556154526E20,5.91712002695367E19,162065030552079,64826012220831.6,9.07661477124317E16,3.63064590849727E16
13.6953907815631,1.35060211271923E20,6.07770950723654E19,153125041594443,61250016637777.2,9.09620274746248E16,3.63848109898499E16
13.7294589178357,1.42939856303105E20,6.43229353363973E19,141501460352936,56600584141174.4,8.93724012117831E16,3.57489604847132E16
13.7635270541082,1.39080407831907E20,6.25861835243582E19,130998999608998,52399599843599.2,8.69473546986957E16,3.47789418794783E16
13.7975951903808,1.41951040658031E20,6.3877968296114E19,123289505718657,49315802287462.8,8.45223081856082E16,3.38089232742433E16
13.8316633266533,1.53115787759023E20,6.89021044915604E19,115580011828316,46232004731326.4,8.17276317846636E16,3.26910527138654E16
13.8657314629259,1.48010994472739E20,6.66049475127326E19,119858645045255,47943458018102,7.86454654709411E16,3.14581861883764E16
13.8997995991984,1.44426261228297E20,6.49918175527337E19,127540359505553,51016143802221.2,7.55632991572189E16,3.02253196628876E16
13.9338677354709,1.49883826705189E20,6.74477220173351E19,131113538447558,52445415379023.2,7.18589991567782E16,2.87435996627113E16
13.9679358717435,1.5540618870716E20,6.9932784918222E19,123654538683040,49461815473216,6.73748414363666E16,2.69499365745466E16
14.002004008016,1.58695764368106E20,7.14130939656477E19,116195538918522,46478215567408.8,6.28906837159551E16,2.5156273486382E16
14.0360721442886,1.4933507517438E20,6.7200783828471E19,112166443413837,44866577365534.8,5.97982673851943E16,2.39193069540777E16
14.0701402805611,1.46841312218848E20,6.60785904984816E19,109197910410548,43679164164219.2,5.9596390863708E16,2.38385563454832E16
14.1042084168337,1.49371386477103E20,6.72171239146963E19,107700833295762,43080333318304.8,5.93945143422217E16,2.37578057368887E16
14.1382765531062,1.50509841985392E20,6.77294288934264E19,110473863465263,44189545386105.2,5.94853938419568E16,2.37941575367827E16
14.1723446893788,1.58358236327671E20,7.12612063474519E19,113246893634763,45298757453905.2,6.07029404536655E16,2.42811761814662E16
14.2064128256513,1.75136769853422E20,7.88115464340399E19,115020772097926,46008308839170.4,6.19204870653742E16,2.47681948261497E16
14.2404809619238,1.79708270424047E20,8.08687216908211E19,116459364753593,46583745901437.2,6.30459928410944E16,2.52183971364378E16
14.2745490981964,1.7501164630288E20,7.8755240836296E19,116976746656818,46790698662727.2,6.32116441843638E16,2.52846576737455E16
14.3086172344689,1.51880114978971E20,6.83460517405369E19,114596153067991,45838461227196.4,6.33772955276332E16,2.53509182110533E16
14.3426853707415,1.41669661158116E20,6.37513475211522E19,112215559479164,44886223791665.6,6.35429468709026E16,2.5417178748361E16
14.376753507014,1.38068380037958E20,6.21307710170811E19,117361300665416,46944520266166.4,6.49949608622292E16,2.59979843448917E16
14.4108216432866,1.42616384762013E20,6.41773731429058E19,125239204475499,50095681790199.6,6.6488470422848E16,2.65953881691392E16
14.4448897795591,1.47353232603589E20,6.6308954671615E19,130090422981518,52036169192607.2,6.79819799834668E16,2.71927919933867E16
14.4789579158317,1.52239447882751E20,6.85077515472379E19,124583651780298,49833460712119.2,6.85242714923252E16,2.74097085969301E16
14.5130260521042,1.48258754839761E20,6.67164396778925E19,119076880579078,47630752231631.2,6.88987009920494E16,2.75594803968198E16
14.5470941883768,1.51595120110492E20,6.82178040497214E19,113936897646329,45574759058531.6,6.92731304917736E16,2.77092521967094E16
14.5811623246493,1.65661194689334E20,7.45475376102003E19,108940552077457,43576220830982.8,6.94086332823544E16,2.77634533129418E16
14.6152304609218,1.57164743460423E20,7.07241345571904E19,107145005209824,42858002083929.6,6.94563254020535E16,2.77825301608214E16
14.6492985971944,1.47819845892697E20,6.65189306517137E19,117314348725396,46925739490158.4,6.95040175217526E16,2.7801607008701E16
14.6833667334669,1.48564907704781E20,6.68542084671515E19,127483692240968,50993476896387.2,6.99620335700035E16,2.79848134280014E16
14.7174348697395,1.56106884467907E20,7.02480980105582E19,131151896484959,52460758593983.6,7.06796423077463E16,2.82718569230985E16
14.751503006012,1.65314528706485E20,7.43915379179182E19,132080334893070,52832133957228,7.13972510454891E16,2.85589004181956E16
14.7855711422846,1.63430440170866E20,7.35436980768897E19,133259815575922,53303926230368.8,7.13882315969035E16,2.85552926387614E16
14.8196392785571,1.59584018776739E20,7.18128084495325E19,135469213283354,54187685313341.6,7.06341883117027E16,2.82536753246811E16
14.8537074148297,1.5406215529289E20,6.93279698818005E19,137678610990787,55071444396314.8,6.9880145026502E16,2.79520580106008E16
14.8877755511022,1.65328608324731E20,7.4397873746129E19,138332732937756,55333093175102.4,6.89424874609372E16,2.75769949843749E16
14.9218436873748,1.72049187358179E20,7.74221343111806E19,138283007460282,55313202984112.8,6.76988060947653E16,2.70795224379061E16
14.9559118236473,1.70755012476385E20,7.68397556143732E19,136675662204453,54670264881781.2,6.64551247285935E16,2.65820498914374E16
14.9899799599198,1.63888054306005E20,7.37496244377022E19,128015760729959,51206304291983.6,6.55944511006387E16,2.62377804402555E16
15.0240480961924,1.56444953962257E20,7.04002292830157E19,119355859255465,47742343702186,6.58454340787283E16,2.63381736314913E16
15.0581162324649,1.51095828741641E20,6.79931229337385E19,113273810546107,45309524218442.8,6.60964170568179E16,2.64385668227272E16
15.0921843687375,1.56967771935143E20,7.06354973708143E19,108442212804912,43376885121964.8,6.6395471080397E16,2.65581884321588E16
15.12625250501,1.68525861026417E20,7.58366374618877E19,105167656883748,42067062753499.2,6.6996061662047E16,2.67984246648188E16
15.1603206412826,1.8131366149262E20,8.1591147671679E19,109725493148194,43890197259277.6,6.7596652243697E16,2.70386608974788E16
15.1943887775551,1.8435849660658E20,8.2961323472961E19,114283329412641,45713331765056.4,6.81581595665494E16,2.72632638266198E16
15.2284569138277,1.78427993941504E20,8.02925972736768E19,118216664773703,47286665909481.2,6.66743096789945E16,2.66697238715978E16
15.2625250501002,1.84292749928993E20,8.29317374680469E19,121825831726902,48730332690760.8,6.51904597914397E16,2.60761839165759E16
15.2965931863727,1.91534760202934E20,8.61906420913203E19,124545777638048,49818311055219.2,6.37066099038848E16,2.54826439615539E16
15.3306613226453,1.99972214569522E20,8.99874965562849E19,122256445012291,48902578004916.4,6.18254533025839E16,2.47301813210336E16
15.3647294589178,2.01216006726017E20,9.05472030267076E19,119967112386535,47986844954614,5.99001515108668E16,2.39600606043467E16
15.3987975951904,1.98682130572669E20,8.9406958757701E19,119192050435330,47676820174132,5.79748497191499E16,2.318993988766E16
15.4328657314629,1.89364448683506E20,8.52140019075777E19,119256935498916,47702774199566.4,5.84129424548551E16,2.3365176981942E16
15.4669338677355,1.91491417993424E20,8.61711380970408E19,118363139383605,47345255753442,5.95127856582387E16,2.38051142632955E16
15.501002004008,1.98910476678625E20,8.95097145053812E19,111362189091617,44544875636646.8,6.06126288616223E16,2.42450515446489E16
15.5350701402806,1.95651044175636E20,8.80429698790362E19,104361238799629,41744495519851.6,6.13992666397716E16,2.45597066559086E16
15.5691382765531,1.80969697381642E20,8.14363638217389E19,96815753410167.8,38726301364067.1,6.20263469371411E16,2.48105387748564E16
15.6032064128257,1.54938272235577E20,6.97222225060096E19,88947903243001.4,35579161297200.6,6.26534272345106E16,2.50613708938042E16
15.6372745490982,1.70939836659944E20,7.69229264969748E19,82485590423031.7,32994236169212.7,6.24233415668412E16,2.49693366267365E16
15.6713426853707,1.85210984078171E20,8.3344942835177E19,86271987426371,34508794970548.4,6.14740246871277E16,2.45896098748511E16
15.7054108216433,1.90296095940501E20,8.56332431732254E19,90058384429710.1,36023353771884,6.05247078074142E16,2.42098831229657E16
15.7394789579158,1.87820584541396E20,8.45192630436282E19,91516188721582.8,36606475488633.1,5.9447904273356E16,2.37791617093424E16
15.7735470941884,1.87660933403763E20,8.44474200316934E19,91504307449661,36601722979864.4,5.81986187951845E16,2.32794475180738E16
15.8076152304609,2.04786726080941E20,9.21540267364235E19,91325668331583.6,36530267332633.4,5.69493333170131E16,2.27797333268052E16
15.8416833667335,2.03812170520254E20,9.17154767341143E19,89733557946092.3,35893423178436.9,5.57704658681908E16,2.23081863472763E16
15.875751503006,1.93333957421178E20,8.70002808395301E19,88141447560600.8,35256579024240.3,5.47511168123842E16,2.19004467249537E16
15.9098196392786,2.00879566991444E20,9.03958051461498E19,84214624919705.2,33685849967882.1,5.37317677565774E16,2.1492707102631E16
15.9438877755511,2.02043333198397E20,9.09194999392787E19,78718247821395,31487299128558,5.29745584884317E16,2.11898233953727E16
15.9779559118236,1.96366430702192E20,8.83648938159864E19,73577049753715.7,29430819901486.3,5.33532883001507E16,2.13413153200603E16
16.0120240480962,1.85560604688287E20,8.35022721097292E19,72007374160709.3,28802949664283.7,5.37320181118696E16,2.14928072447478E16
16.0460921843687,1.75733286623175E20,7.90799789804287E19,70437698567703,28175079427081.2,5.41469833581214E16,2.16587933432486E16
16.0801603206413,1.68881789248475E20,7.59968051618138E19,74371333572781.9,29748533429112.8,5.50527740357722E16,2.20211096143089E16
16.1142284569138,1.57652519873831E20,7.0943633943224E19,82242682195455.6,32897072878182.2,5.59585647134229E16,2.23834258853692E16
16.1482965931864,1.54897808590926E20,6.97040138659167E19,89844353727376.6,35937741490950.6,5.68643553910735E16,2.27457421564294E16
16.1823647294589,1.9523828166719E20,8.78572267502355E19,94137986279390.4,37655194511756.2,5.68838693444851E16,2.2753547737794E16
16.2164328657315,2.09943875443609E20,9.44747439496241E19,98431618831404.2,39372647532561.7,5.68567371545157E16,2.27426948618063E16
16.250501002004,2.08660200425736E20,9.38970901915812E19,95091132342832,38036452937132.8,5.68296049645463E16,2.27318419858185E16
16.2845691382766,2.1408076182342E20,9.6336342820539E19,85940608354344.5,34376243341737.8,5.59287566624592E16,2.23715026649837E16
16.3186372745491,2.33553215452231E20,1.05098946953504E20,76924304815344.6,30769721926137.8,5.48505374203182E16,2.19402149681273E16
16.3527054108216,2.6927615669527E20,1.21174270512872E20,69999603280858.6,27999841312343.4,5.37723181781772E16,2.15089272712709E16
16.3867735470942,2.51365838661427E20,1.13114627397642E20,63074901746373.1,25229960698549.2,5.33161071460548E16,2.13264428584219E16
16.4208416833667,2.40072916624942E20,1.08032812481224E20,62914187598572.3,25165675039428.9,5.31108818828872E16,2.12443527531549E16
16.4549098196393,2.57584588023576E20,1.15913064610609E20,68226154154544.6,27290461661817.8,5.29056566197196E16,2.11622626478878E16
16.4889779559118,2.64827811513902E20,1.19172515181256E20,73264540030446.1,29305816012178.4,5.32919271267517E16,2.13167708507007E16
16.5230460921844,2.67731771106982E20,1.20479296998142E20,72527333771525.7,29010933508610.3,5.40829052660258E16,2.16331621064103E16
16.5571142284569,2.66868844159229E20,1.20090979871653E20,71790127512605.2,28716051005042.1,5.48738834052999E16,2.194955336212E16
16.5911823647295,2.75305536888384E20,1.23887491599773E20,69935378637517.2,27974151455006.9,5.58523718766318E16,2.23409487506527E16
16.625250501002,2.89456629967233E20,1.30255483485255E20,67119751998995.5,26847900799598.2,5.70381086097116E16,2.28152434438846E16
16.6593186372746,2.69049316865264E20,1.21072192589369E20,64475869527359.8,25790347810943.9,5.82238453427916E16,2.32895381371166E16
16.6933867735471,2.82466407208975E20,1.27109883244039E20,67356424423892.5,26942569769557,5.84614192176636E16,2.33845676870654E16
16.7274549098196,3.38104029513249E20,1.52146813280962E20,70236979320425.2,28094791728170.1,5.69856461733177E16,2.27942584693271E16
16.7615230460922,3.13573379984661E20,1.41108020993097E20,74009041743428.9,29603616697371.6,5.55098731289718E16,2.22039492515887E16
16.7955911823647,2.94949816097724E20,1.32727417243976E20,78595462003112.5,31438184801245,5.42350183502772E16,2.16940073401109E16
16.8296593186373,3.18592202582374E20,1.43366491162068E20,83027162730092.1,33210865092036.8,5.36052169507787E16,2.14420867803115E16
16.8637274549098,3.1019353959353E20,1.39587092817089E20,77350520653713.4,30940208261485.4,5.29754155512802E16,2.11901662205121E16
16.8977955911824,2.9731457798341E20,1.33791560092535E20,71673878577334.7,28669551430933.9,5.04244358168877E16,2.01697743267551E16
16.9318637274549,3.29430364281557E20,1.48243663926701E20,54937037729077.2,21974815091630.9,3.36162905445918E16,1.34465162178367E16
16.9659318637275,3.43733653505377E20,1.5468014407742E20,27468518864538.6,10987407545815.4,1.68081452722959E16,6.72325810891836E15
17,3.44824376218018E20,1.55170969298108E20,0,0,0,0
